sku,descripcion,costo_fabricacion,precio_venta,categoria,margen
CR-SML-4,Correa Smiley L,3.0,14.0,CORREA,11.0
AR-STC-3,ARNÉS AJUSTABLE STICKERS M,4.0,13.0,ARNÉS AJUSTABLE,9.0
AT-SML-3,ARNÉS TRAIL SMILEY M,7.0,19.0,ARNÉS TRAIL,12.0
AT-SML-2,ARNÉS TRAIL SMILEY S,7.0,18.0,ARNÉS TRAIL,11.0
CR-STC-4,CORREA STICKERS L,3.0,11.0,CORREA,8.0
AT-TAT-4,ARNÉS TRAIL TATTOO L,8.0,22.0,ARNÉS TRAIL,14.0
ACV-BLU-3,CLASSIC HARNESS PVC BLUE PVC M,5.0,19.0,PVC ARNÉS CLÁSICO,14.0
AC-GMM-3,Dukier Bears Gummy Arnés Clásico M,2.0,14.0,ARNÉS CLÁSICO,12.0
AT-BRY-2,ARNÉS TRAIL BERRY LOVE S,7.0,23.0,ARNÉS TRAIL,16.0
CR-PRP-4,Correa Purple L,3.0,14.0,CORREA,11.0
CR-GMM-2,Dukier Bears Gummy Correa S,2.0,16.0,CORREA,14.0
CL-BRY-3,Dukier Berry Love Collar M,2.0,12.0,COLLAR PERRO,10.0
RC-RPW-7,CHUBASQUEROS FLOWER POWER XXXL,5.0,13.0,CHUBASQUERO,8.0
AT-BRY-3,ARNÉS TRAIL BERRY LOVE M,7.0,24.0,ARNÉS TRAIL,17.0
ACV-BLU-4,CLASSIC HARNESS PVC BLUE PVC L,5.0,19.0,PVC ARNÉS CLÁSICO,14.0
AT-AVC-4,ARNÉS TRAIL AVOCADO L,8.0,23.0,ARNÉS TRAIL,15.0
RC-RPW-1,CHUBASQUEROS FLOWER POWER XS,5.0,19.0,CHUBASQUERO,14.0
BH-RED-1,Body Red XS,2.0,11.0,ARNÉS BODY,9.0
ACV-GRN-4,CLASSIC HARNESS PVC GREEN PVC L,5.0,19.0,PVC ARNÉS CLÁSICO,14.0
PB-STC-2,PORTA BOLSAS STICKERS U,2.0,5.0,PORTA BOLSAS,3.0
PB-SML-2,Porta Bolsas Smiley U,2.0,5.0,PORTA BOLSAS,3.0
ACV-PNK-4,CLASSIC HARNESS PVC PINK PVC L,5.0,19.0,PVC ARNÉS CLÁSICO,14.0
CR-RED-4,Correa Red L,3.0,14.0,CORREA,11.0
PJ-BRY-4,Dukier Berry Love Pajarita L,1.0,5.0,PAJARITA,4.0
AC-CLF-2,ARNÉS CLÁSICO CALIFORNIA S,2.0,10.0,ARNÉS CLÁSICO,8.0
CR-AVC-4,CORREA AVOCADO L,3.0,15.0,CORREA,12.0
ACV-BEI-4,CLASSIC HARNESS PVC BEIGE PVC L,5.0,19.0,PVC ARNÉS CLÁSICO,14.0
ACV-COR-4,0,5.0,20.0,PVC ARNÉS CLÁSICO,15.0
BH-TRT-5,BODY HARNESS TURTLEXL,3.0,11.0,ARNÉS BODY,8.0
CG-MNT-0,Collar Gato Mint U,1.0,6.0,GATO,5.0
CR-BLU-2,Correa Blue S,2.0,14.0,CORREA,12.0
PB-TDY-2,PORTA BOLSAS TIE DYE,2.0,4.0,PORTA BOLSAS,2.0
PB-PLN-2,PORTA BOLSAS PLANTS,2.0,4.0,PORTA BOLSAS,2.0
ACV-PRP-4,0,5.0,20.0,PVC ARNÉS CLÁSICO,15.0
CL-UNC-4,Collar UNICORNS L,2.0,11.0,COLLAR PERRO,9.0
ACV-SGR-4,0,5.0,20.0,PVC ARNÉS CLÁSICO,15.0
CL-UNC-3,Collar UNICORNS M,2.0,10.0,COLLAR PERRO,8.0
ACV-YEL-4,0,5.0,20.0,PVC ARNÉS CLÁSICO,15.0
CRV-BLU-4,LEASH PVC BLUE PVC L,4.0,18.0,PVC CORREA,14.0
AC-BLU-4,Arnés clásico Blue L,3.0,12.0,ARNÉS CLÁSICO,9.0
CG-BEE-0,Dukier Beer Collar Gato U,1.0,5.0,GATO,4.0
AR-DGT-1,ARNÉS REVERSIBLE DOGTELLA XS,3.0,14.0,ARNÉS REVERSIBLE,11.0
CL-SWT-3,Collar SWEETS M,2.0,11.0,COLLAR PERRO,9.0
AR-MON-5,Arnés Reversible Monstera XL,5.0,18.0,ARNÉS REVERSIBLE,13.0
BH-YLL-1,Body Lime XS,2.0,13.0,ARNÉS BODY,11.0
AC-SWT-3,ARNÉS CLÁSICO SWEETS M,2.0,12.0,ARNÉS CLÁSICO,10.0
CG-TER-0,Collar GATO TERRAZO U,1.0,4.0,GATO,3.0
AC-MMD-4,Dukier Mermaid Arnés Clásico L,3.0,14.0,ARNÉS CLÁSICO,11.0
AR-PKG-4,ARNÉS REVERSIBLE PINK GALAXY L,4.0,18.0,ARNÉS REVERSIBLE,14.0
AR-PCE-4,Dukier Peace Arnés Reversible L,4.0,17.0,ARNÉS REVERSIBLE,13.0
CL-BEE-2,Dukier Beer Collar S,2.0,9.0,COLLAR PERRO,7.0
AT-MMD-5,ARNÉS TRAIL MERMAID XL,8.0,21.0,ARNÉS TRAIL,13.0
BH-YLL-2,Body Lime S,2.0,13.0,ARNÉS BODY,11.0
AR-AVC-4,ARNÉS REVERSIBLE AVOCADO L,4.0,16.0,ARNÉS REVERSIBLE,12.0
AC-YLL-4,Arnés Clásico Lime L,3.0,12.0,ARNÉS CLÁSICO,9.0
RC-CLD-6,Dukier Chubasqueros CLOUDS XXL,5.0,14.0,CHUBASQUERO,9.0
CG-RCK-0,Collar GATO ROCK U,1.0,4.0,GATO,3.0
CL-YLL-1,Collar Lime XS,1.0,9.0,COLLAR PERRO,8.0
BH-RED-5,Body Red XL,3.0,10.0,ARNÉS BODY,7.0
RC-RBW-2,Chubasqueros Rainbow S,5.0,11.0,CHUBASQUERO,6.0
CL-SWT-1,Collar SWEETS XS,1.0,10.0,COLLAR PERRO,9.0
RC-RND-3,Dukier Chubasqueros Raindrops M,5.0,13.0,CHUBASQUERO,8.0
AR-MON-4,Arnés Reversible Monstera L,4.0,15.0,ARNÉS REVERSIBLE,11.0
CR-MNT-4,Correa Mint L,3.0,14.0,CORREA,11.0
AR-DGT-2,ARNÉS REVERSIBLE DOGTELLA S,3.0,14.0,ARNÉS REVERSIBLE,11.0
AC-AVC-2,ARNÉS CLÁSICO AVOCADO S,2.0,13.0,ARNÉS CLÁSICO,11.0
AR-TAT-2,ARNES REVERSIBLE TATTOO S,3.0,16.0,ARNÉS REVERSIBLE,13.0
BH-SML-1,Body Smiley XS,2.0,13.0,ARNÉS BODY,11.0
AC-YLL-2,Arnés Clásico Lime S,2.0,12.0,ARNÉS CLÁSICO,10.0
AC-SWT-2,ARNÉS CLÁSICO SWEETS S,2.0,13.0,ARNÉS CLÁSICO,11.0
BH-SBL-5,BODY HARNESS SOFT BLUE XL,2.0,6.0,ARNÉS BODY,4.0
MN-TRT-0,Manta enrollableTurtle U,8.0,23.0,MANTA ENROLLABLE,15.0
BH-TRT-4,BODY HARNESS TURTLE L,3.0,11.0,ARNÉS BODY,8.0
RC-STM-2,Chubasqueros Storm S,5.0,12.0,CHUBASQUERO,7.0
AC-FPW-4,ARNÉS CLÁSICO FLOWER POWER L,3.0,14.0,ARNÉS CLÁSICO,11.0
BH-YLL-5,Body Lime XL,3.0,12.0,ARNÉS BODY,9.0
RC-RBW-3,Chubasqueros Rainbow M,5.0,10.0,CHUBASQUERO,5.0
CR-SWT-4,CORREA SWEETS L,3.0,16.0,CORREA,13.0
AR-TRT-5,ARNÉS REVERSIBLE TURTLE XL,5.0,14.0,ARNÉS REVERSIBLE,9.0
AR-GMM-3,Dukier Bears Gummy Arnés Ajustable M,4.0,16.0,ARNÉS AJUSTABLE,12.0
AT-CLF-4,ARNÉS TRAIL CALIFORNIA L,8.0,21.0,ARNÉS TRAIL,13.0
CL-BEE-3,Dukier Beer Collar M,2.0,11.0,COLLAR PERRO,9.0
AR-SML-1,Arnés Ajustable Smiley XS,3.0,16.0,ARNÉS AJUSTABLE,13.0
CT-BRY-0,COLETERO BERRY LOVE U,1.0,6.0,COLETERO,5.0
CR-BEE-2,Dukier Beer Correa S,2.0,16.0,CORREA,14.0
CR-MMD-4,Dukier Mermaid Correa L,3.0,16.0,CORREA,13.0
AT-TAT-2,ARNÉS TRAIL TATTOO S,7.0,23.0,ARNÉS TRAIL,16.0
RC-RPW-2,CHUBASQUEROS FLOWER POWER S,5.0,19.0,CHUBASQUERO,14.0
CR-CLF-4,CORREA CALIFORNIA L,3.0,13.0,CORREA,10.0
AT-FPW-3,Arnés Trail Flower Power M,7.0,25.0,ARNÉS TRAIL,18.0
MN-DGT-0,Manta enrollable Dogtella U,8.0,21.0,MANTA ENROLLABLE,13.0
AR-GMM-2,Dukier Bears Gummy Arnés Ajustable S,3.0,17.0,ARNÉS AJUSTABLE,14.0
AC-PRP-4,Arnés Clásico Purple L,3.0,11.0,ARNÉS CLÁSICO,8.0
AR-SML-3,Arnés Ajustable Smiley M,4.0,16.0,ARNÉS AJUSTABLE,12.0
BH-YLL-3,Body Lime M,2.0,12.0,ARNÉS BODY,10.0
CO-GRN-2,GREEN COAT S,6.0,23.0,ABRIGO,17.0
BH-TAT-1,BODY HARNESS TATTOO XS,2.0,6.0,ARNÉS BODY,4.0
AT-ALN-2,ARNÉS TRAIL ALIEN S,8.0,24.0,ARNÉS TRAIL,16.0
RC-STM-3,Chubasqueros Storm M,5.0,12.0,CHUBASQUERO,7.0
AC-AVC-3,ARNÉS CLÁSICO AVOCADO M,2.0,13.0,ARNÉS CLÁSICO,11.0
AR-MMD-5,Dukier Mermaid Arnés Reversible Xl,5.0,15.0,ARNÉS REVERSIBLE,10.0
ACV-BEI-3,CLASSIC HARNESS PVC BEIGE PVC M,5.0,19.0,PVC ARNÉS CLÁSICO,14.0
BH-RED-2,Body Red S,2.0,12.0,ARNÉS BODY,10.0
AR-FPW-4,ARNÉS AJUSTABLE FLOWER POWER L,4.0,17.0,ARNÉS AJUSTABLE,13.0
RC-STM-4,Chubasqueros Storm L,5.0,12.0,CHUBASQUERO,7.0
PJ-SML-4,Pajarita Smiley L,1.0,5.0,PAJARITA,4.0
BH-DGT-1,Body Dogtella XS,2.0,12.0,ARNÉS BODY,10.0
AR-AVC-2,ARNÉS REVERSIBLE AVOCADO S,3.0,15.0,ARNÉS REVERSIBLE,12.0
AR-AVC-1,ARNÉS REVERSIBLE AVOCADO XS,3.0,15.0,ARNÉS REVERSIBLE,12.0
RC-CLD-4,Dukier Chubasqueros Clouds L,5.0,14.0,CHUBASQUERO,9.0
AT-BRY-5,ARNÉS TRAIL BERRY LOVE XL,8.0,22.0,ARNÉS TRAIL,14.0
AT-CLF-5,ARNÉS TRAIL CALIFORNIA XL,8.0,19.0,ARNÉS TRAIL,11.0
AT-MMD-4,ARNÉS TRAIL MERMAID L,8.0,24.0,ARNÉS TRAIL,16.0
AR-TAT-1,ARNES REVERSIBLE TATTOO XS,3.0,16.0,ARNÉS REVERSIBLE,13.0
ACV-PNK-3,CLASSIC HARNESS PVC PINK PVC M,5.0,19.0,PVC ARNÉS CLÁSICO,14.0
CR-SML-2,Correa Smiley S,2.0,15.0,CORREA,13.0
RC-STM-6,Chubasqueros Storm XXL,5.0,13.0,CHUBASQUERO,8.0
BH-AVC-1,Body Avocado XS,2.0,11.0,ARNÉS BODY,9.0
ACV-COR-3,0,5.0,19.0,PVC ARNÉS CLÁSICO,14.0
AT-FPW-5,Arnés Trail Flower Power Xl,8.0,23.0,ARNÉS TRAIL,15.0
PB-PRP-2,Porta Bolsas Purple U,2.0,6.0,PORTA BOLSAS,4.0
RC-RND-5,Dukier Chubasqueros Raindrops Xl,5.0,13.0,CHUBASQUERO,8.0
CL-STC-3,Collar STICKERS M,2.0,9.0,COLLAR PERRO,7.0
MN-GMM-0,Manta Enrollable Gummy Bears,8.0,22.0,MANTA ENROLLABLE,14.0
AT-TRT-4,ARNÉS TRAIL TURTLE L,8.0,24.0,ARNÉS TRAIL,16.0
PB-PNK-2,Porta Bolsas Pink U,2.0,6.0,PORTA BOLSAS,4.0
CLV-BLU-1,COLLAR PVC BLUE PVC XS,2.0,16.0,PVC COLLAR PERRO,14.0
AR-LPG-4,Arnés Ajustable Cheetah Gold L,4.0,14.0,ARNÉS AJUSTABLE,10.0
AC-BLU-3,Arnés clásico Blue M,2.0,12.0,ARNÉS CLÁSICO,10.0
AT-GMM-4,ARNÉS TRAIL GUMMY BEARS L,8.0,24.0,ARNÉS TRAIL,16.0
CLV-GRN-1,COLLAR PVC GREEN PVC XS,2.0,12.0,PVC COLLAR PERRO,10.0
AR-FPW-1,ARNÉS AJUSTABLE FLOWER POWER XS,3.0,17.0,ARNÉS AJUSTABLE,14.0
CR-BLU-4,Correa Blue L,3.0,14.0,CORREA,11.0
AC-STC-4,ARNÉS CLÁSICO STICKERS L,3.0,9.0,ARNÉS CLÁSICO,6.0
AR-GMM-5,Dukier Bears Gummy Arnés Ajustable Xl,5.0,16.0,ARNÉS AJUSTABLE,11.0
CL-GMM-2,Dukier Bears Gummy Collar S,2.0,11.0,COLLAR PERRO,9.0
ACV-PRP-3,0,5.0,19.0,PVC ARNÉS CLÁSICO,14.0
AC-UNC-2,ARNÉS CLÁSICO UNICORNS S,2.0,13.0,ARNÉS CLÁSICO,11.0
ACV-SGR-3,0,5.0,19.0,PVC ARNÉS CLÁSICO,14.0
AT-SML-4,ARNÉS TRAIL SMILEY L,8.0,19.0,ARNÉS TRAIL,11.0
ACV-YEL-3,0,5.0,19.0,PVC ARNÉS CLÁSICO,14.0
AC-BEE-4,Dukier Beer Arnés Clásico L,3.0,14.0,ARNÉS CLÁSICO,11.0
CLV-PNK-3,COLLAR PVC PINK PVC M,3.0,14.0,PVC COLLAR PERRO,11.0
BH-FPW-3,BODY HARNESS FLOWER POWER M,2.0,10.0,ARNÉS BODY,8.0
AR-MMD-3,Dukier Mermaid Arnés Reversible M,4.0,15.0,ARNÉS REVERSIBLE,11.0
CL-DGT-1,Collar DOGTELLA XS,1.0,9.0,COLLAR PERRO,8.0
CR-FPW-2,CORREA FLOWER POWER S,2.0,13.0,CORREA,11.0
BH-PNK-4,Body Pink L,3.0,13.0,ARNÉS BODY,10.0
AT-GMM-5,ARNÉS TRAIL GUMMY BEARS XL,8.0,22.0,ARNÉS TRAIL,14.0
AC-TAT-3,ARNES CLÁSICO TATTOO M,2.0,11.0,ARNÉS CLÁSICO,9.0
AT-FPW-4,Arnés Trail Flower Power L,8.0,25.0,ARNÉS TRAIL,17.0
AR-SML-2,Arnés Ajustable Smiley S,3.0,16.0,ARNÉS AJUSTABLE,13.0
CRV-BEI-4,LEASH PVC BEIGE PVC L,4.0,18.0,PVC CORREA,14.0
CL-MMD-4,Dukier Mermaid Collar L,2.0,13.0,COLLAR PERRO,11.0
AC-LPG-2,Arnés Clásico Cheetah Gold S,2.0,11.0,ARNÉS CLÁSICO,9.0
AR-STC-5,ARNÉS AJUSTABLE STICKERS XL,5.0,13.0,ARNÉS AJUSTABLE,8.0
AR-PKG-3,ARNÉS REVERSIBLE PINK GALAXY M,4.0,18.0,ARNÉS REVERSIBLE,14.0
AT-SML-5,ARNÉS TRAIL SMILEY XL,8.0,19.0,ARNÉS TRAIL,11.0
AT-AVC-5,ARNÉS TRAIL AVOCADO XL,8.0,24.0,ARNÉS TRAIL,16.0
AT-TRT-5,ARNÉS TRAIL TURTLE XL,8.0,23.0,ARNÉS TRAIL,15.0
PJ-BEE-4,Dukier Beer Pajarita L,1.0,6.0,PAJARITA,5.0
AT-MON-5,0,8.0,33.0,ARNÉS TRAIL,25.0
MN-FPW-0,Manta enrollable Flower Power,8.0,24.0,MANTA ENROLLABLE,16.0
RC-RPW-3,CHUBASQUEROS FLOWER POWER M,5.0,20.0,CHUBASQUERO,15.0
AT-GMM-3,ARNÉS TRAIL GUMMY BEARS M,7.0,24.0,ARNÉS TRAIL,17.0
MN-BRY-0,Manta Enrollable Berry Love,8.0,22.0,MANTA ENROLLABLE,14.0
CL-LPG-4,Collar Cheetah Gold L,2.0,11.0,COLLAR PERRO,9.0
AR-MMD-4,Dukier Mermaid Arnés Reversible L,4.0,16.0,ARNÉS REVERSIBLE,12.0
RC-RBW-7,Chubasqueros Rainbow XXXL,5.0,11.0,CHUBASQUERO,6.0
MN-AVC-0,Manta enrollable Avocado U,8.0,23.0,MANTA ENROLLABLE,15.0
AR-TRT-1,ARNÉS REVERSIBLE TURTLE XS,3.0,14.0,ARNÉS REVERSIBLE,11.0
AR-STC-4,ARNÉS AJUSTABLE STICKERS L,4.0,13.0,ARNÉS AJUSTABLE,9.0
MN-SWT-0,Manta manta enrollable Sweets U,8.0,23.0,MANTA ENROLLABLE,15.0
AT-BRY-4,ARNÉS TRAIL BERRY LOVE L,8.0,23.0,ARNÉS TRAIL,15.0
AT-MON-4,0,8.0,31.0,ARNÉS TRAIL,23.0
PB-BEI-2,POO BAG HOLDER BEIGE U,2.0,8.0,PORTA BOLSAS,6.0
CL-AVC-3,Collar AVOCADO M,2.0,11.0,COLLAR PERRO,9.0
PB-BEE-2,Dukier Beer Porta Bolsas U,2.0,6.0,PORTA BOLSAS,4.0
CL-BEE-4,Dukier Beer Collar L,2.0,10.0,COLLAR PERRO,8.0
AT-MON-3,0,7.0,29.0,ARNÉS TRAIL,22.0
TW-NVY-0,Dukier Toallas Navy U,4.0,12.0,TOALLA,8.0
MN-CLF-0,Manta enrollable California U,8.0,22.0,MANTA ENROLLABLE,14.0
AT-TRT-2,ARNÉS TRAIL TURTLE S,7.0,25.0,ARNÉS TRAIL,18.0
AC-TAT-2,ARNES CLÁSICO TATTOO S,2.0,11.0,ARNÉS CLÁSICO,9.0
AT-DGT-2,ARNÉS TRAIL DOGTELLA S,7.0,21.0,ARNÉS TRAIL,14.0
RC-RND-2,Dukier Chubasqueros Raindrops S,5.0,14.0,CHUBASQUERO,9.0
AC-RED-4,Arnés Clásico Red L,3.0,12.0,ARNÉS CLÁSICO,9.0
CL-DGT-4,Collar DOGTELLA L,2.0,10.0,COLLAR PERRO,8.0
AC-CLF-3,ARNÉS CLÁSICO CALIFORNIA M,2.0,12.0,ARNÉS CLÁSICO,10.0
DG-YEL-0,COMEDERO DUKIER PINK,8.0,17.0,COMEDERO,9.0
AC-TER-4,CLASSIC HARNESS TERRACOTA L,2.0,9.0,ARNÉS CLÁSICO,7.0
CR-DGT-4,CORREA DOGTELLA L,3.0,15.0,CORREA,12.0
CL-MON-3,Collar Monstera M,2.0,13.0,COLLAR PERRO,11.0
AR-LPG-1,Arnés Ajustable Cheetah Gold XS,3.0,17.0,ARNÉS AJUSTABLE,14.0
CG-YLL-0,Collar Gato Lime U,1.0,6.0,GATO,5.0
CLV-PNK-1,COLLAR PVC PINK PVC XS,2.0,14.0,PVC COLLAR PERRO,12.0
AR-TRT-2,ARNÉS REVERSIBLE TURTLE S,3.0,16.0,ARNÉS REVERSIBLE,13.0
AR-ALN-1,ARNÉS AJUSTABLE ALIEN XS,3.0,19.0,ARNÉS AJUSTABLE,16.0
BH-TAT-5,BODY HARNESS TATTOO XL,3.0,11.0,ARNÉS BODY,8.0
BH-VIO-0,BODY HARNESS SOFT PURPLE XXS,2.0,6.0,ARNÉS BODY,4.0
BH-TER-3,BODY HARNESS TERRACOTA M,2.0,6.0,ARNÉS BODY,4.0
CRV-PNK-4,LEASH PVC PINK PVC L,4.0,18.0,PVC CORREA,14.0
BH-BRY-5,BODY HARNESS BERRY LOVE XL,3.0,11.0,ARNÉS BODY,8.0
AR-UNC-2,ARNÉS REVERSIBLE UNICORNS S,3.0,15.0,ARNÉS REVERSIBLE,12.0
RC-RPW-4,CHUBASQUEROS FLOWER POWER L,5.0,20.0,CHUBASQUERO,15.0
CL-CLF-1,Collar CALIFORNIA XS,1.0,9.0,COLLAR PERRO,8.0
BH-BRY-4,BODY HARNESS BERRY LOVE L,3.0,11.0,ARNÉS BODY,8.0
CL-YLL-4,Collar Lime L,2.0,9.0,COLLAR PERRO,7.0
AR-BRY-2,Dukier Berry Love Arnes Reversible S,3.0,16.0,ARNÉS REVERSIBLE,13.0
CL-TER-1,COLLAR TERRACOTA XS,1.0,6.0,COLLAR PERRO,5.0
BH-AVC-5,Body Avocado XL,3.0,11.0,ARNÉS BODY,8.0
CL-VIO-3,COLLAR SOFT PURPLE M,1.0,6.0,COLLAR PERRO,5.0
AR-BRY-1,Dukier Berry Love ArnÈs Reversible Xs,3.0,15.0,ARNÉS REVERSIBLE,12.0
PBV-BLU-2,POO BAG HOLDER BLUE PVC U,2.0,7.0,PVC PORTA BOLSAS,5.0
BH-BLU-1,Body Blue XS,2.0,11.0,ARNÉS BODY,9.0
BH-PNK-3,Body Pink M,2.0,10.0,ARNÉS BODY,8.0
AC-TRT-4,ARNÉS CLÁSICO TURTLE L,3.0,12.0,ARNÉS CLÁSICO,9.0
PB-BRY-2,Dukier Berry Love Porta Bolsas U,2.0,6.0,PORTA BOLSAS,4.0
BH-TAT-3,BODY HARNESS TATTOO M,2.0,10.0,ARNÉS BODY,8.0
CR-FPW-4,CORREA FLOWER POWER L,3.0,17.0,CORREA,14.0
CO-BLU-7,BLUE COAT XXXL,7.0,27.0,ABRIGO,20.0
CO-PNK-2,PINK COAT S,6.0,23.0,ABRIGO,17.0
CL-MMD-3,Dukier Mermaid Collar M,2.0,12.0,COLLAR PERRO,10.0
DG-PNK-0,COMEDERO DUKIER BLUE,8.0,16.0,COMEDERO,8.0
CR-BEI-4,LEASH BEIGE L,2.0,9.0,CORREA,7.0
CL-AVC-4,Collar AVOCADO L,2.0,10.0,COLLAR PERRO,8.0
CL-PRP-1,Collar Purple XS,1.0,10.0,COLLAR PERRO,9.0
DG-BLU-0,COMEDERO DUKIER YELLOW,8.0,16.0,COMEDERO,8.0
AR-UNC-1,ARNÉS REVERSIBLE UNICORNS XS,3.0,15.0,ARNÉS REVERSIBLE,12.0
AR-STC-1,ARNÉS AJUSTABLE STICKERS XS,3.0,13.0,ARNÉS AJUSTABLE,10.0
CL-SML-3,Collar Smiley M,2.0,9.0,COLLAR PERRO,7.0
BH-MNT-4,Body Mint L,3.0,11.0,ARNÉS BODY,8.0
PB-MON-2,POO BAG HOLDER CACA MONSTERA,2.0,7.0,PORTA BOLSAS,5.0
AC-BEE-2,Dukier Beer Arnés Clásico S,2.0,13.0,ARNÉS CLÁSICO,11.0
CL-PKG-3,Collar Pink GALAXY M,2.0,10.0,COLLAR PERRO,8.0
AF-PRP-0,LICK MAT PURPLE,3.0,12.0,LICK MAT,9.0
CRV-GRN-4,LEASH PVC GREEN PVC L,4.0,18.0,PVC CORREA,14.0
CL-GMM-4,Dukier Bears Gummy Collar L,2.0,12.0,COLLAR PERRO,10.0
AR-TAT-5,ARNES REVERSIBLE TATTOO XL,5.0,16.0,ARNÉS REVERSIBLE,11.0
CLV-BLU-2,COLLAR PVC BLUE PVC S,2.0,14.0,PVC COLLAR PERRO,12.0
AR-SWT-5,ARNÉS REVERSIBLE SWEETS XL,5.0,16.0,ARNÉS REVERSIBLE,11.0
PB-TAT-2,PORTA BOLSAS TATTOO,2.0,5.0,PORTA BOLSAS,3.0
RC-STM-7,Chubasqueros Storm XXXL,5.0,13.0,CHUBASQUERO,8.0
AT-TAT-3,ARNÉS TRAIL TATTOO M,7.0,21.0,ARNÉS TRAIL,14.0
AR-MMD-2,Dukier Mermaid Arnés Reversible S,3.0,16.0,ARNÉS REVERSIBLE,13.0
AC-DGT-4,ARNÉS CLÁSICO DOGTELLA L,3.0,10.0,ARNÉS CLÁSICO,7.0
CL-AVC-1,Collar AVOCADO XS,1.0,10.0,COLLAR PERRO,9.0
AT-ALN-3,ARNÉS TRAIL ALIEN M,7.0,24.0,ARNÉS TRAIL,17.0
PB-DGT-2,PORTA BOLSAS DOGTELLA,2.0,6.0,PORTA BOLSAS,4.0
BH-PRP-2,Body Purple S,2.0,12.0,ARNÉS BODY,10.0
CL-MMD-1,Dukier Mermaid Collar Xs,1.0,10.0,COLLAR PERRO,9.0
BH-PNK-1,Body Pink XS,2.0,12.0,ARNÉS BODY,10.0
CR-BRY-2,Dukier Berry Love Correa S,2.0,14.0,CORREA,12.0
BH-MNT-3,Body Mint M,2.0,11.0,ARNÉS BODY,9.0
AR-LPG-2,Arnés Ajustable Cheetah Gold S,3.0,15.0,ARNÉS AJUSTABLE,12.0
CL-MNT-1,Collar Mint XS,1.0,9.0,COLLAR PERRO,8.0
PBV-BLK-2,POO BAG HOLDER BLACK PVC U,2.0,6.0,PVC PORTA BOLSAS,4.0
BH-PRP-5,Body Purple XL,3.0,13.0,ARNÉS BODY,10.0
PC-FPW-U,COLGADOR FLOWER POWER U,1.0,5.0,COLGADOR DE BOLSAS,4.0
AT-MON-2,0,7.0,28.0,ARNÉS TRAIL,21.0
BK-CHR-U,BLANKET CHURROS,8.0,19.0,BLANKET,11.0
PBV-COR-2,0,2.0,8.0,PVC PORTA BOLSAS,6.0
PBV-PRP-2,0,2.0,8.0,PVC PORTA BOLSAS,6.0
PBV-SGR-2,0,2.0,8.0,PVC PORTA BOLSAS,6.0
CG-PKG-0,Collar GATO PINK GALAXY U,1.0,5.0,GATO,4.0
CL-PRP-4,Collar Purple L,2.0,9.0,COLLAR PERRO,7.0
RC-RBW-5,Chubasqueros Rainbow XL,5.0,12.0,CHUBASQUERO,7.0
BH-MNT-2,Body Mint S,2.0,11.0,ARNÉS BODY,9.0
AR-PCE-1,Dukier Peace Arnés Reversible Xs,3.0,15.0,ARNÉS REVERSIBLE,12.0
AC-PNK-3,Arnés Clásico Pink M,2.0,12.0,ARNÉS CLÁSICO,10.0
RC-RBW-1,Chubasqueros Rainbow XS,5.0,9.0,CHUBASQUERO,4.0
CL-FPW-1,Collar FLOWER POWER XS,1.0,11.0,COLLAR PERRO,10.0
BK-TRN-U,BLANKET TARTAN RED,8.0,15.0,BLANKET,7.0
PBV-YEL-2,0,2.0,8.0,PVC PORTA BOLSAS,6.0
AC-STC-2,ARNÉS CLÁSICO STICKERS S,2.0,15.0,ARNÉS CLÁSICO,13.0
CL-ALN-3,COLLAR ALIEN M,2.0,12.0,COLLAR PERRO,10.0
CLV-BEI-4,COLLAR PVC BEIGE PVC L,3.0,15.0,PVC COLLAR PERRO,12.0
PJ-LPG-4,Pajarita Cheetah Gold U,1.0,5.0,PAJARITA,4.0
AR-PCE-3,Dukier Peace Arnés Reversible M,4.0,16.0,ARNÉS REVERSIBLE,12.0
BH-GMM-3,BODY HARNESS GUMMY BEARS M,2.0,10.0,ARNÉS BODY,8.0
RC-RND-7,Dukier Chubasqueros RAINDROPS XXXL,5.0,13.0,CHUBASQUERO,8.0
CT-DGT-0,COLETERO DOGTELLA U,1.0,5.0,COLETERO,4.0
ACV-BLU-2,CLASSIC HARNESS PVC BLUE PVC S,4.0,19.0,PVC ARNÉS CLÁSICO,15.0
CRV-BLU-2,LEASH PVC BLUE PVC S,4.0,18.0,PVC CORREA,14.0
CL-FPW-4,Collar FLOWER POWER L,2.0,11.0,COLLAR PERRO,9.0
ACV-GRN-2,CLASSIC HARNESS PVC GREEN PVC S,4.0,19.0,PVC ARNÉS CLÁSICO,15.0
DP-YEL-0,BEBEDERO PLEGABLE PARA PERRO YELLOW,2.0,6.0,BEBEDEROS,4.0
ACV-BLK-4,CLASSIC HARNESS PVC BLACKPVC L,5.0,19.0,PVC ARNÉS CLÁSICO,14.0
RC-RBW-4,Chubasqueros Rainbow L,5.0,11.0,CHUBASQUERO,6.0
CRV-BEI-2,LEASH PVC BEIGE PVC S,4.0,18.0,PVC CORREA,14.0
BH-TAT-4,BODY HARNESS TATTOO L,3.0,11.0,ARNÉS BODY,8.0
CRV-PNK-2,LEASH PVC PINK PVC S,4.0,18.0,PVC CORREA,14.0
CL-ALN-2,COLLAR ALIEN S,2.0,13.0,COLLAR PERRO,11.0
CRV-GRN-2,LEASH PVC GREEN PVC S,4.0,18.0,PVC CORREA,14.0
CL-PRP-2,Collar Purple S,2.0,10.0,COLLAR PERRO,8.0
ACV-BEI-2,CLASSIC HARNESS PVC BEIGE PVC S,4.0,19.0,PVC ARNÉS CLÁSICO,15.0
ACV-COR-2,0,4.0,17.0,PVC ARNÉS CLÁSICO,13.0
BH-GMM-2,BODY HARNESS GUMMY BEARS S,2.0,9.0,ARNÉS BODY,7.0
ACV-PRP-2,0,4.0,17.0,PVC ARNÉS CLÁSICO,13.0
ACV-SGR-2,0,4.0,17.0,PVC ARNÉS CLÁSICO,13.0
ACV-YEL-2,0,4.0,17.0,PVC ARNÉS CLÁSICO,13.0
BK-TRR-U,BLANKET TARTAN GREEN,8.0,17.0,BLANKET,9.0
PB-AVC-2,PORTA BOLSAS AVOCADO,2.0,5.0,PORTA BOLSAS,3.0
AF-BLU-0,LICK MAT BLUE,3.0,12.0,LICK MAT,9.0
AT-DGT-5,ARNÉS TRAIL DOGTELLA XL,8.0,20.0,ARNÉS TRAIL,12.0
CL-ALN-1,COLLAR ALIEN XS,1.0,11.0,COLLAR PERRO,10.0
PJ-FPW-4,PAJARITA FLOWER POWER L,1.0,5.0,PAJARITA,4.0
BH-BLU-2,Body Blue S,2.0,9.0,ARNÉS BODY,7.0
CL-PNK-4,Collar Pink L,2.0,10.0,COLLAR PERRO,8.0
BH-BLU-3,Body Blue M,2.0,11.0,ARNÉS BODY,9.0
BH-FPW-4,BODY HARNESS FLOWER POWER L,3.0,11.0,ARNÉS BODY,8.0
PB-SGR-2,POO BAG HOLDER SOFT GREEN U,2.0,8.0,PORTA BOLSAS,6.0
AC-BRY-3,Dukier Berry Love ArnÈs Clásico M,2.0,14.0,ARNÉS CLÁSICO,12.0
BH-MNT-5,Body Mint XL,3.0,12.0,ARNÉS BODY,9.0
AT-TAT-5,ARNÉS TRAIL TATTOO XL,8.0,20.0,ARNÉS TRAIL,12.0
CL-STC-4,Collar STICKERS L,2.0,8.0,COLLAR PERRO,6.0
ACV-BLK-3,CLASSIC HARNESS PVC BLACK PVC M,5.0,19.0,PVC ARNÉS CLÁSICO,14.0
AC-STC-3,ARNÉS CLÁSICO STICKERS M,2.0,10.0,ARNÉS CLÁSICO,8.0
MN-SML-0,Manta enrollable Smiley U,8.0,24.0,MANTA ENROLLABLE,16.0
CG-PLN-0,Collar GATO PLANTS U,1.0,4.0,GATO,3.0
RC-AVC-7,Dukier Chubasqueros AVOCADO XXXL,5.0,13.0,CHUBASQUERO,8.0
RC-RND-6,Dukier Chubasqueros RAINDROPS XXL,5.0,12.0,CHUBASQUERO,7.0
BH-FPW-5,BODY HARNESS FLOWER POWER XL,3.0,11.0,ARNÉS BODY,8.0
AR-CLF-5,ARNÉS REVERSIBLE CALIFORNIA XL,5.0,13.0,ARNÉS REVERSIBLE,8.0
CL-MNT-3,Collar Mint M,2.0,10.0,COLLAR PERRO,8.0
AR-ALN-5,ARNÉS AJUSTABLE ALIEN XL,5.0,16.0,ARNÉS AJUSTABLE,11.0
CR-PLN-2,CORREA PLANTS S,2.0,17.0,CORREA,15.0
PBV-PNK-2,POO BAG HOLDER PINK PVC U,2.0,6.0,PVC PORTA BOLSAS,4.0
AC-LPG-3,Arnés Clásico Cheetah Gold M,2.0,11.0,ARNÉS CLÁSICO,9.0
CL-BRY-4,Dukier Berry Love Collar L,2.0,12.0,COLLAR PERRO,10.0
CR-DGT-2,CORREA DOGTELLA S,2.0,15.0,CORREA,13.0
AR-CLF-4,ARNÉS REVERSIBLE CALIFORNIA L,4.0,14.0,ARNÉS REVERSIBLE,10.0
AR-PCE-5,Dukier Peace Arnés Reversible XL,5.0,18.0,ARNÉS REVERSIBLE,13.0
RC-AVC-3,Dukier Chubasqueros Avocado M,5.0,10.0,CHUBASQUERO,5.0
AR-FPW-5,ARNÉS AJUSTABLE FLOWER POWER XL,5.0,14.0,ARNÉS AJUSTABLE,9.0
CR-TRT-4,CORREA TURTLE L,3.0,15.0,CORREA,12.0
CL-FPW-3,Collar FLOWER POWER M,2.0,12.0,COLLAR PERRO,10.0
CL-PNK-2,Collar Pink S,2.0,10.0,COLLAR PERRO,8.0
AR-ALN-4,ARNÉS AJUSTABLE ALIEN L,4.0,20.0,ARNÉS AJUSTABLE,16.0
CLV-BLU-3,COLLAR PVC BLUE PVC M,3.0,14.0,PVC COLLAR PERRO,11.0
CL-RED-4,Collar Red L,2.0,9.0,COLLAR PERRO,7.0
CL-BRY-1,Dukier Berry Love Collar Xs,1.0,11.0,COLLAR PERRO,10.0
CO-RED-2,RED COAT S,6.0,23.0,ABRIGO,17.0
AC-RED-2,Arnés Clásico Red S,2.0,12.0,ARNÉS CLÁSICO,10.0
BH-PNK-5,Body Pink XL,3.0,12.0,ARNÉS BODY,9.0
CR-BRY-4,Dukier Berry Love Correa L,3.0,16.0,CORREA,13.0
AR-SWT-2,ARNÉS REVERSIBLE SWEETS S,3.0,16.0,ARNÉS REVERSIBLE,13.0
AC-MON-4,Arnés Clásico Monstera L,3.0,15.0,ARNÉS CLÁSICO,12.0
AR-TAT-4,ARNES REVERSIBLE TATTOO L,4.0,16.0,ARNÉS REVERSIBLE,12.0
AR-SWT-4,ARNÉS REVERSIBLE SWEETS L,4.0,17.0,ARNÉS REVERSIBLE,13.0
CT-SML-0,COLETERO SMILEY U,1.0,5.0,COLETERO,4.0
PB-PCE-2,Dukier Peace Porta Bolsas U,2.0,6.0,PORTA BOLSAS,4.0
AR-LPG-5,Arnés Ajustable Cheetah Gold XL,5.0,18.0,ARNÉS AJUSTABLE,13.0
AR-BEE-5,Dukier Beer Arnés Ajustable Xl,5.0,16.0,ARNÉS AJUSTABLE,11.0
AR-BEE-3,Dukier Beer Arnés Ajustable M,4.0,18.0,ARNÉS AJUSTABLE,14.0
AC-SML-3,Arnés Clásico Smiley M,2.0,13.0,ARNÉS CLÁSICO,11.0
RC-CLD-7,Dukier Chubasqueros CLOUDS XXXL,5.0,12.0,CHUBASQUERO,7.0
ACV-BLK-2,CLASSIC HARNESS PVC BLACK PVC S,4.0,19.0,PVC ARNÉS CLÁSICO,15.0
DP-RED-0,BEBEDERO PLEGABLE PARA PERRO RED,2.0,7.0,BEBEDEROS,5.0
CL-VIO-1,COLLAR SOFT PURPLE XS,1.0,6.0,COLLAR PERRO,5.0
AR-ALN-3,ARNÉS AJUSTABLE ALIEN M,4.0,18.0,ARNÉS AJUSTABLE,14.0
AC-VIO-4,CLASSIC HARNESS SOFT PURPLE L,2.0,9.0,ARNÉS CLÁSICO,7.0
DP-GRN-0,BEBEDERO PLEGABLE PARA PERRO GREEN,2.0,6.0,BEBEDEROS,4.0
CL-SML-2,Collar Smiley S,2.0,12.0,COLLAR PERRO,10.0
CL-ALN-4,COLLAR ALIEN L,2.0,12.0,COLLAR PERRO,10.0
DP-BLE-0,BEBEDERO PLEGABLE PARA PERRO BLUE,2.0,7.0,BEBEDEROS,5.0
BH-AVC-3,Body Avocado M,2.0,12.0,ARNÉS BODY,10.0
RC-STM-5,Chubasqueros Storm XL,5.0,13.0,CHUBASQUERO,8.0
CO-PRP-3,PURPLE COAT M,6.0,24.0,ABRIGO,18.0
DP-PNK-0,BEBEDERO PLEGABLE PARA PERRO PINK,2.0,7.0,BEBEDEROS,5.0
AT-FPW-2,Arnés Trail Flower Power S,7.0,25.0,ARNÉS TRAIL,18.0
DP-BLU-0,Bebedero Plegable Mint,2.0,7.0,BEBEDEROS,5.0
ACV-PNK-2,CLASSIC HARNESS PVC PINK PVC S,4.0,19.0,PVC ARNÉS CLÁSICO,15.0
PB-DUK-2,PORTA BOLSAS LOGO DUKIER,2.0,6.0,PORTA BOLSAS,4.0
BH-YLL-4,Body Lime L,3.0,14.0,ARNÉS BODY,11.0
CR-TRT-2,CORREA TURTLE S,2.0,14.0,CORREA,12.0
CL-MMD-2,Dukier Mermaid Collar S,2.0,11.0,COLLAR PERRO,9.0
CL-GMM-3,Dukier Bears Gummy Collar M,2.0,12.0,COLLAR PERRO,10.0
CLV-BLU-4,COLLAR PVC BLUE PVC L,3.0,14.0,PVC COLLAR PERRO,11.0
CRV-BLK-4,LEASH PVC BLACK PVC L,4.0,18.0,PVC CORREA,14.0
CR-SGR-2,LEASH SOFT GREEN S,2.0,9.0,CORREA,7.0
CL-YLL-3,Collar Lime M,2.0,10.0,COLLAR PERRO,8.0
CLV-BLK-2,COLLAR PVC BLACK PVC S,2.0,14.0,PVC COLLAR PERRO,12.0
CL-SML-1,Collar Smiley XS,1.0,11.0,COLLAR PERRO,10.0
AC-AVC-4,ARNÉS CLÁSICO AVOCADO L,3.0,13.0,ARNÉS CLÁSICO,10.0
RC-CLD-5,Dukier Chubasqueros Clouds Xl,5.0,14.0,CHUBASQUERO,9.0
AR-GMM-4,Dukier Bears Gummy Arnés Ajustable L,4.0,18.0,ARNÉS AJUSTABLE,14.0
AC-SML-2,Arnés Clásico Smiley S,2.0,13.0,ARNÉS CLÁSICO,11.0
PB-MMD-2,Dukier Mermaid Porta Bolsas U,2.0,6.0,PORTA BOLSAS,4.0
RC-STM-1,Chubasqueros Storm XS,5.0,11.0,CHUBASQUERO,6.0
AR-FPW-3,ARNÉS AJUSTABLE FLOWER POWER M,4.0,17.0,ARNÉS AJUSTABLE,13.0
BH-BRY-2,BODY HARNESS BERRY LOVE S,2.0,9.0,ARNÉS BODY,7.0
AT-ALN-5,ARNÉS TRAIL ALIEN XL,8.0,24.0,ARNÉS TRAIL,16.0
BH-TAT-2,BODY HARNESS TATTOO S,2.0,9.0,ARNÉS BODY,7.0
CR-AVC-2,CORREA AVOCADO S,2.0,12.0,CORREA,10.0
BH-DGT-3,Body Dogtella M,2.0,12.0,ARNÉS BODY,10.0
BH-SML-5,Body Smiley XL,3.0,13.0,ARNÉS BODY,10.0
TW-AVC-0,Dukier Toallas Avocado U,4.0,12.0,TOALLA,8.0
PC-SWT-U,COLGADOR DE BOLSAS SWEETS U,1.0,5.0,COLGADOR DE BOLSAS,4.0
PB-VIO-2,POO BAG HOLDER SOFT PURPLE U,2.0,8.0,PORTA BOLSAS,6.0
TW-MMD-0,Dukier Toallas Mermaid U,4.0,13.0,TOALLA,9.0
PB-FPW-2,PORTA BOLSAS FLOWER POWER U,2.0,5.0,PORTA BOLSAS,3.0
CL-BRY-2,Dukier Berry Love Collar S,2.0,12.0,COLLAR PERRO,10.0
AT-MMD-2,ARNÉS TRAIL MERMAID S,7.0,23.0,ARNÉS TRAIL,16.0
BH-SML-4,Body Smiley L,3.0,12.0,ARNÉS BODY,9.0
AC-GMM-2,Dukier Bears Gummy Arnés Clásico S,2.0,14.0,ARNÉS CLÁSICO,12.0
PB-CLF-2,PORTA BOLSAS CALIFORNIA U,2.0,5.0,PORTA BOLSAS,3.0
AC-DGT-2,ARNÉS CLÁSICO DOGTELLA S,2.0,12.0,ARNÉS CLÁSICO,10.0
AC-UNC-4,ARNÉS CLÁSICO UNICORNS L,3.0,12.0,ARNÉS CLÁSICO,9.0
PC-TRT-U,COLGADOR DE BOLSAS TURTLE U,1.0,6.0,COLGADOR DE BOLSAS,5.0
CL-PCE-2,Dukier Peace Collar S,2.0,11.0,COLLAR PERRO,9.0
PB-BLU-2,Porta Bolsas Blue U,2.0,5.0,PORTA BOLSAS,3.0
CL-PNK-1,Collar Pink XS,1.0,8.0,COLLAR PERRO,7.0
AC-LPG-4,Arnés Clásico Cheetah Gold L,3.0,13.0,ARNÉS CLÁSICO,10.0
CR-LPG-4,Correa Cheetah Gold L,3.0,16.0,CORREA,13.0
AT-AVC-2,ARNÉS TRAIL AVOCADO S,7.0,23.0,ARNÉS TRAIL,16.0
PB-TRT-2,PORTA BOLSAS TURTLE,2.0,6.0,PORTA BOLSAS,4.0
AR-FPW-2,ARNÉS AJUSTABLE FLOWER POWER S,3.0,17.0,ARNÉS AJUSTABLE,14.0
CR-VIO-2,LEASH SOFT PURPLE S,2.0,9.0,CORREA,7.0
AC-BRY-2,Dukier Berry Love ArnÈs Clásico S,2.0,13.0,ARNÉS CLÁSICO,11.0
CR-SGR-4,LEASH SOFT GREEN L,2.0,9.0,CORREA,7.0
CL-YLL-2,Collar Lime S,2.0,10.0,COLLAR PERRO,8.0
AC-TRT-2,ARNÉS CLÁSICO TURTLE S,2.0,13.0,ARNÉS CLÁSICO,11.0
BH-TRT-2,BODY HARNESS TURTLE S,2.0,9.0,ARNÉS BODY,7.0
AF-YEL-0,LICK MAT YELLOW,3.0,12.0,LICK MAT,9.0
AF-PNK-0,LICK MAT PINK,3.0,12.0,LICK MAT,9.0
FD-BLU-4,FUNDA CAMA BLUE L,,,CAMA FUNDA,
FD-TRC-2,FUNDA CAMA TERRACOTA S,,,CAMA FUNDA,
AC-TER-2,CLASSIC HARNESS TERRACOTA S,2.0,9.0,ARNÉS CLÁSICO,7.0
AC-SBL-2,CLASSIC HARNESS SOFT BLUE S,2.0,9.0,ARNÉS CLÁSICO,7.0
BH-SGR-2,BODY HARNESS SOFT GREEN S,2.0,6.0,ARNÉS BODY,4.0
BH-VIO-2,BODY HARNESS SOFT PURPLE S,2.0,6.0,ARNÉS BODY,4.0
BH-SGR-1,BODY HARNESS SOFT GREEN XS,2.0,6.0,ARNÉS BODY,4.0
BH-TER-0,BODY HARNESS TERRACOTA XXS,2.0,6.0,ARNÉS BODY,4.0
BH-BEI-0,BODY HARNESS BEIGE XXS,2.0,6.0,ARNÉS BODY,4.0
CG-AVC-0,Collar GATO AVOCADO U,1.0,5.0,GATO,4.0
CL-PCE-4,Dukier Peace Collar L,2.0,12.0,COLLAR PERRO,10.0
BH-BEI-2,BODY HARNESS BEIGE S,2.0,6.0,ARNÉS BODY,4.0
BH-BEI-3,BODY HARNESS BEIGE M,2.0,6.0,ARNÉS BODY,4.0
BH-SBL-1,BODY HARNESS SOFT BLUE XS,2.0,6.0,ARNÉS BODY,4.0
BH-SBL-3,BODY HARNESS SOFT BLUE M,2.0,6.0,ARNÉS BODY,4.0
BH-SBL-4,BODY HARNESS SOFT BLUE L,2.0,6.0,ARNÉS BODY,4.0
BH-SBL-0,BODY HARNESS SOFT BLUE XXS,2.0,6.0,ARNÉS BODY,4.0
BH-SGR-5,BODY HARNESS SOFT GREEN XL,2.0,6.0,ARNÉS BODY,4.0
BH-VIO-1,BODY HARNESS SOFT PURPLE XS,2.0,6.0,ARNÉS BODY,4.0
AC-BEI-2,CLASSIC HARNESS BEIGE S,2.0,9.0,ARNÉS CLÁSICO,7.0
AC-SBL-4,CLASSIC HARNESS SOFT BLUE L,2.0,9.0,ARNÉS CLÁSICO,7.0
BH-VIO-3,BODY HARNESS SOFT PURPLE M,2.0,6.0,ARNÉS BODY,4.0
BH-VIO-4,BODY HARNESS SOFT PURPLE L,2.0,6.0,ARNÉS BODY,4.0
BH-VIO-5,BODY HARNESS SOFT PURPLE XL,2.0,6.0,ARNÉS BODY,4.0
BH-TER-4,BODY HARNESS TERRACOTA L,2.0,6.0,ARNÉS BODY,4.0
CL-BEI-2,COLLAR BEIGE S,1.0,6.0,COLLAR PERRO,5.0
CL-SBL-3,COLLAR SOFT BLUE M,1.0,6.0,COLLAR PERRO,5.0
CL-SGR-3,COLLAR SOFT GREEN M,1.0,6.0,COLLAR PERRO,5.0
CL-SGR-4,COLLAR SOFT GREEN L,1.0,6.0,COLLAR PERRO,5.0
CL-VIO-4,COLLAR SOFT PURPLE L,1.0,6.0,COLLAR PERRO,5.0
BH-GMM-4,BODY HARNESS GUMMY BEARS L,3.0,11.0,ARNÉS BODY,8.0
BH-GMM-5,BODY HARNESS GUMMY BEARS XL,3.0,11.0,ARNÉS BODY,8.0
BH-BEI-1,BODY HARNESS BEIGE XS,2.0,6.0,ARNÉS BODY,4.0
AC-BEI-3,CLASSIC HARNESS BEIGE M,2.0,9.0,ARNÉS CLÁSICO,7.0
CL-TER-4,COLLAR TERRACOTA L,1.0,6.0,COLLAR PERRO,5.0
PB-GMM-2,Dukier Bears Gummy Porta Bolsas U,2.0,6.0,PORTA BOLSAS,4.0
CR-PKG-4,CORREA PINK GALAXY L,3.0,17.0,CORREA,14.0
CR-MON-4,Correa Monstera L,3.0,17.0,CORREA,14.0
CLV-BLK-4,COLLAR PVC BLACK PVC L,3.0,13.0,PVC COLLAR PERRO,10.0
CLV-PNK-4,COLLAR PVC PINK PVC L,3.0,14.0,PVC COLLAR PERRO,11.0
BH-SGR-3,BODY HARNESS SOFT GREEN M,2.0,6.0,ARNÉS BODY,4.0
BH-BEI-4,BODY HARNESS BEIGE L,2.0,6.0,ARNÉS BODY,4.0
BH-SGR-4,BODY HARNESS SOFT GREEN L,2.0,6.0,ARNÉS BODY,4.0
BH-TER-1,BODY HARNESS TERRACOTA XS,2.0,6.0,ARNÉS BODY,4.0
AC-YLL-3,Arnés Clásico Lime M,2.0,12.0,ARNÉS CLÁSICO,10.0
CL-UNC-2,Collar UNICORNS S,2.0,11.0,COLLAR PERRO,9.0
AR-MON-3,Arnés Reversible Monstera M,4.0,17.0,ARNÉS REVERSIBLE,13.0
CLV-GRN-4,COLLAR PVC GREEN PVC L,3.0,14.0,PVC COLLAR PERRO,11.0
AT-CLF-3,ARNÉS TRAIL CALIFORNIA M,7.0,19.0,ARNÉS TRAIL,12.0
CL-SML-4,Collar Smiley L,2.0,9.0,COLLAR PERRO,7.0
AR-UNC-5,ARNÉS REVERSIBLE UNICORNS XL,5.0,13.0,ARNÉS REVERSIBLE,8.0
CLV-PRP-4,0,3.0,12.0,PVC COLLAR PERRO,9.0
BH-PRP-4,Body Purple L,3.0,12.0,ARNÉS BODY,9.0
CG-UNC-0,Collar GATO UNICORNS U,1.0,6.0,GATO,5.0
AC-SML-4,Arnés Clásico Smiley L,3.0,13.0,ARNÉS CLÁSICO,10.0
AT-AVC-3,ARNÉS TRAIL AVOCADO M,7.0,23.0,ARNÉS TRAIL,16.0
CLV-COR-4,0,3.0,12.0,PVC COLLAR PERRO,9.0
CL-PCE-3,Dukier Peace Collar M,2.0,12.0,COLLAR PERRO,10.0
FD-MNT-2,FUNDA CAMA MINT S,,,CAMA FUNDA,
AT-DGT-4,ARNÉS TRAIL DOGTELLA L,8.0,22.0,ARNÉS TRAIL,14.0
BH-PNK-2,Body Pink S,2.0,11.0,ARNÉS BODY,9.0
RC-CLD-2,Dukier Chubasqueros Clouds S,5.0,14.0,CHUBASQUERO,9.0
PB-RED-2,Porta Bolsas Red U,2.0,6.0,PORTA BOLSAS,4.0
RC-CLD-3,Dukier Chubasqueros Clouds M,5.0,12.0,CHUBASQUERO,7.0
PC-UNC-U,COLGADOR DE BOLSAS UNICORNS U,1.0,5.0,COLGADOR DE BOLSAS,4.0
CO-RED-1,RED COAT,6.0,22.0,ABRIGO,16.0
CL-TAT-2,Collar TATTOO S,2.0,11.0,COLLAR PERRO,9.0
AC-MON-3,Arnés Clásico Monstera M,2.0,16.0,ARNÉS CLÁSICO,14.0
CL-TRT-3,Collar TURTLE M,2.0,11.0,COLLAR PERRO,9.0
CLV-SGR-4,0,3.0,12.0,PVC COLLAR PERRO,9.0
BH-SML-2,Body Smiley S,2.0,13.0,ARNÉS BODY,11.0
CO-GRN-7,GREEN COAT,7.0,27.0,ABRIGO,20.0
CR-TDY-2,CORREA TIE DYE S,2.0,16.0,CORREA,14.0
AC-PRP-3,Arnés Clásico Purple M,2.0,12.0,ARNÉS CLÁSICO,10.0
AR-ALN-2,ARNÉS AJUSTABLE ALIEN S,3.0,18.0,ARNÉS AJUSTABLE,15.0
CL-TRT-4,Collar TURTLE L,2.0,11.0,COLLAR PERRO,9.0
AR-TRT-3,ARNÉS REVERSIBLE TURTLE M,4.0,16.0,ARNÉS REVERSIBLE,12.0
BD-BEI-2,CAMAS BEIGE S,,,CAMA,
AT-GMM-2,ARNÉS TRAIL GUMMY BEARS S,7.0,23.0,ARNÉS TRAIL,16.0
CL-MON-2,Collar Monstera S,2.0,12.0,COLLAR PERRO,10.0
AT-MMD-3,ARNÉS TRAIL MERMAID M,7.0,24.0,ARNÉS TRAIL,17.0
CR-GMM-4,Dukier Bears Gummy Correa L,3.0,16.0,CORREA,13.0
CL-MON-1,Collar Monstera XS,1.0,12.0,COLLAR PERRO,11.0
AT-DGT-3,ARNÉS TRAIL DOGTELLA M,7.0,23.0,ARNÉS TRAIL,16.0
PC-POO-U,COLGADOR DE BOLSAS POO U,1.0,5.0,COLGADOR DE BOLSAS,4.0
FD-BLU-2,FUNDA CAMA BLUE S,,,CAMA FUNDA,
CR-PKG-2,CORREA PINK GALAXY S,2.0,14.0,CORREA,12.0
CO-PRP-1,PURPLE COAT,6.0,22.0,ABRIGO,16.0
AC-SWT-4,ARNÉS CLÁSICO SWEETS L,3.0,13.0,ARNÉS CLÁSICO,10.0
CLV-YEL-4,0,3.0,12.0,PVC COLLAR PERRO,9.0
AC-PNK-2,Arnés Clásico Pink S,2.0,12.0,ARNÉS CLÁSICO,10.0
BH-AVC-4,Body Avocado L,3.0,11.0,ARNÉS BODY,8.0
AC-PRP-2,Arnés Clásico Purple S,2.0,12.0,ARNÉS CLÁSICO,10.0
CL-AVC-2,Collar AVOCADO S,2.0,11.0,COLLAR PERRO,9.0
AC-TRT-3,ARNÉS CLÁSICO TURTLE M,2.0,12.0,ARNÉS CLÁSICO,10.0
AR-BRY-4,Dukier Berry Love ArnÈs Reversible L,4.0,17.0,ARNÉS REVERSIBLE,13.0
CL-BEE-1,Dukier Beer Collar Xs,1.0,10.0,COLLAR PERRO,9.0
CR-TAT-4,CORREA TATTOO L,3.0,15.0,CORREA,12.0
AR-BEE-2,Dukier Beer Arnés Ajustable S,3.0,18.0,ARNÉS AJUSTABLE,15.0
PC-DGT-U,COLGADOR DE BOLSAS DOGTELLA U,1.0,5.0,COLGADOR DE BOLSAS,4.0
AC-BEI-4,CLASSIC HARNESS BEIGE L,2.0,9.0,ARNÉS CLÁSICO,7.0
CL-BEI-3,COLLAR BEIGE M,1.0,6.0,COLLAR PERRO,5.0
BH-SBL-2,BODY HARNESS SOFT BLUE S,2.0,6.0,ARNÉS BODY,4.0
CO-BLU-2,BLUE COAT S,6.0,23.0,ABRIGO,17.0
AF-MNT-0,LICK MAT MINT,3.0,12.0,LICK MAT,9.0
PC-SML-U,COLGADOR DE BOLSAS SMILEY U,1.0,6.0,COLGADOR DE BOLSAS,5.0
CLV-BEI-3,COLLAR PVC BEIGE PVC M,3.0,14.0,PVC COLLAR PERRO,11.0
RC-RND-4,Dukier Chubasqueros Raindrops L,5.0,13.0,CHUBASQUERO,8.0
PB-PKG-2,PORTA BOLSAS PINK GALAXY U,2.0,5.0,PORTA BOLSAS,3.0
CLV-GRN-3,COLLAR PVC GREEN PVC M,3.0,15.0,PVC COLLAR PERRO,12.0
CR-STC-2,CORREA STICKERS S,2.0,17.0,CORREA,15.0
AC-CLF-4,ARNÉS CLÁSICO CALIFORNIA L,3.0,10.0,ARNÉS CLÁSICO,7.0
CR-PNK-4,Correa Pink L,3.0,14.0,CORREA,11.0
BH-PRP-3,Body Purple M,2.0,10.0,ARNÉS BODY,8.0
CR-MMD-2,Dukier Mermaid Correa S,2.0,15.0,CORREA,13.0
AR-CLF-2,ARNÉS REVERSIBLE CALIFORNIA S,3.0,14.0,ARNÉS REVERSIBLE,11.0
BH-SML-3,Body Smiley M,2.0,13.0,ARNÉS BODY,11.0
AC-TER-3,CLASSIC HARNESS TERRACOTA M,2.0,9.0,ARNÉS CLÁSICO,7.0
CR-PCE-4,Dukier Peace Correa L,3.0,16.0,CORREA,13.0
AR-PKG-1,ARNÉS REVERSIBLE PINK GALAXY XS,3.0,14.0,ARNÉS REVERSIBLE,11.0
ACV-GRN-3,CLASSIC HARNESS PVC GREEN PVC M,5.0,19.0,PVC ARNÉS CLÁSICO,14.0
BH-RED-3,Body Red M,2.0,12.0,ARNÉS BODY,10.0
CG-SWT-0,Collar GATO SWEETS,1.0,5.0,GATO,4.0
AT-CLF-2,ARNÉS TRAIL CALIFORNIA S,7.0,21.0,ARNÉS TRAIL,14.0
AC-PNK-4,Arnés Clásico Pink L,3.0,12.0,ARNÉS CLÁSICO,9.0
CG-BLU-0,Collar Gato Blue U,1.0,4.0,GATO,3.0
CL-RED-3,Collar Red M,2.0,10.0,COLLAR PERRO,8.0
CT-MMD-0,COLETERO MERMAID U,1.0,5.0,COLETERO,4.0
AC-TAT-4,ARNES CLÁSICO TATTOO L,3.0,10.0,ARNÉS CLÁSICO,7.0
CO-GRN-6,GREEN COAT,7.0,26.0,ABRIGO,19.0
AR-MMD-1,Dukier Mermaid Arnés Reversible Xs,3.0,14.0,ARNÉS REVERSIBLE,11.0
AC-RED-3,Arnés Clásico Red M,2.0,12.0,ARNÉS CLÁSICO,10.0
AC-BRY-4,Dukier Berry Love ArnÈs Clásico L,3.0,14.0,ARNÉS CLÁSICO,11.0
AC-GMM-4,Dukier Bears Gummy Arnés Clásico L,3.0,13.0,ARNÉS CLÁSICO,10.0
RC-RPW-5,CHUBASQUEROS FLOWER POWER XL,5.0,21.0,CHUBASQUERO,16.0
RC-RBW-6,Chubasqueros Rainbow XXL,5.0,11.0,CHUBASQUERO,6.0
PC-GMM-U,COLGADOR BEER U,1.0,5.0,COLGADOR DE BOLSAS,4.0
CG-TAT-0,Collar GATO TATTOO U,1.0,5.0,GATO,4.0
DP-PRP-0,BEBEDERO PURPLE,2.0,7.0,BEBEDEROS,5.0
BH-FPW-2,BODY HARNESS FLOWER POWER S,2.0,9.0,ARNÉS BODY,7.0
BH-BRY-3,BODY HARNESS BERRY LOVE M,2.0,10.0,ARNÉS BODY,8.0
AC-PKG-3,ARNÉS CLÁSICO PINK GALAXY M,2.0,11.0,ARNÉS CLÁSICO,9.0
BH-TRT-3,BODY HARNESS TURTLE M,2.0,10.0,ARNÉS BODY,8.0
CL-RED-2,Collar Red S,2.0,10.0,COLLAR PERRO,8.0
AR-BRY-3,Dukier Berry Love ArnÈs Reversible M,4.0,17.0,ARNÉS REVERSIBLE,13.0
CR-LPG-2,Correa Cheetah Gold S,2.0,13.0,CORREA,11.0
AC-MMD-2,Dukier Mermaid Arnés Clásico S,2.0,13.0,ARNÉS CLÁSICO,11.0
FD-TRC-4,FUNDA CAMA TERRACOTA L,,,CAMA FUNDA,
PC-AVC-U,COLGADOR DE BOLSAS AVOCADO U,1.0,5.0,COLGADOR DE BOLSAS,4.0
CL-LPG-3,Collar Cheetah Gold M,2.0,9.0,COLLAR PERRO,7.0
AT-TRT-3,ARNÉS TRAIL TURTLE M,7.0,24.0,ARNÉS TRAIL,17.0
CLV-PNK-2,COLLAR PVC PINK PVC S,2.0,15.0,PVC COLLAR PERRO,13.0
CO-RED-6,RED COAT,7.0,26.0,ABRIGO,19.0
AR-UNC-4,ARNÉS REVERSIBLE UNICORNS L,4.0,16.0,ARNÉS REVERSIBLE,12.0
PJ-MMD-4,Dukier Mermaid Pajarita L,1.0,6.0,PAJARITA,5.0
RC-AVC-1,Dukier Chubasqueros Avocado Xs,5.0,12.0,CHUBASQUERO,7.0
CL-BLU-2,Collar Blue S,2.0,10.0,COLLAR PERRO,8.0
CR-TAT-2,CORREA TATTOO S,2.0,14.0,CORREA,12.0
BH-DGT-5,Body Dogtella XL,3.0,11.0,ARNÉS BODY,8.0
AC-DGT-3,ARNÉS CLÁSICO DOGTELLA M,2.0,13.0,ARNÉS CLÁSICO,11.0
CR-ALN-2,CORREA ALIEN S,2.0,16.0,CORREA,14.0
PB-LPG-2,Porta Bolsas Cheetah Gold U,2.0,5.0,PORTA BOLSAS,3.0
CLV-BLK-3,COLLAR PVC BLACKPVC M,3.0,14.0,PVC COLLAR PERRO,11.0
BH-TER-5,BODY HARNESS TERRACOTA XL,2.0,6.0,ARNÉS BODY,4.0
CL-SBL-1,COLLAR SOFT BLUE XS,1.0,6.0,COLLAR PERRO,5.0
CR-MNT-2,Correa Mint S,2.0,14.0,CORREA,12.0
MN-MMD-0,Manta Enrollable Mermaid,8.0,22.0,MANTA ENROLLABLE,14.0
BH-BEI-5,BODY HARNESS BEIGE XL,2.0,6.0,ARNÉS BODY,4.0
CL-TER-3,COLLAR TERRACOTA M,1.0,6.0,COLLAR PERRO,5.0
BK-AVC-U,BLANKET AVOCADO,8.0,21.0,BLANKET,13.0
CR-YLL-2,Correa Lime S,2.0,13.0,CORREA,11.0
PB-SWT-2,PORTA BOLSAS SWEETS U,2.0,5.0,PORTA BOLSAS,3.0
RC-AVC-5,Dukier Chubasqueros Avocado Xl,5.0,10.0,CHUBASQUERO,5.0
AR-LPG-3,Arnés Ajustable Cheetah Gold M,4.0,14.0,ARNÉS AJUSTABLE,10.0
AR-GMM-1,Dukier Bears Gummy Arnés Ajustable Xs,3.0,16.0,ARNÉS AJUSTABLE,13.0
PJ-TAT-2,PAJARITA TATTOO L,1.0,5.0,PAJARITA,4.0
CR-PRP-2,Correa Purple S,2.0,14.0,CORREA,12.0
AR-AVC-5,ARNÉS REVERSIBLE AVOCADO XL,5.0,14.0,ARNÉS REVERSIBLE,9.0
AR-TAT-3,ARNES REVERSIBLE TATTOO M,4.0,15.0,ARNÉS REVERSIBLE,11.0
CO-RED-5,RED COAT XL,6.0,25.0,ABRIGO,19.0
AC-BLU-2,Arnés clásico Blue S,2.0,12.0,ARNÉS CLÁSICO,10.0
CL-PNK-3,Collar Pink M,2.0,10.0,COLLAR PERRO,8.0
AC-MNT-2,Arnés Clásico Mint S,2.0,12.0,ARNÉS CLÁSICO,10.0
PBV-BEI-2,POO BAG HOLDER BEIGE PVC U,2.0,7.0,PVC PORTA BOLSAS,5.0
BD-BEI-4,CAMAS BEIGE L,,,CAMA,
CO-BLU-6,BLUE COAT XXL,7.0,26.0,ABRIGO,19.0
CL-SGR-1,COLLAR SOFT GREEN XS,1.0,6.0,COLLAR PERRO,5.0
BH-MNT-1,Body Mint XS,2.0,12.0,ARNÉS BODY,10.0
CL-SWT-2,Collar SWEETS S,2.0,11.0,COLLAR PERRO,9.0
AR-PCE-2,Dukier Peace Arnés Reversible S,3.0,16.0,ARNÉS REVERSIBLE,13.0
AR-BEE-4,Dukier Beer Arnés Ajustable L,4.0,18.0,ARNÉS AJUSTABLE,14.0
CR-YLL-4,Correa Lime L,3.0,14.0,CORREA,11.0
AR-AVC-3,ARNÉS REVERSIBLE AVOCADO M,4.0,15.0,ARNÉS REVERSIBLE,11.0
CO-PRP-4,PURPLE COAT L,6.0,25.0,ABRIGO,19.0
PBV-GRN-2,POO BAG HOLDER GREEN PVC U,2.0,7.0,PVC PORTA BOLSAS,5.0
CL-TRT-2,Collar TURTLE S,2.0,11.0,COLLAR PERRO,9.0
RC-AVC-4,Dukier Chubasqueros Avocado L,5.0,10.0,CHUBASQUERO,5.0
CL-PRP-3,Collar Purple M,2.0,10.0,COLLAR PERRO,8.0
AR-BRY-5,Dukier Berry Love ArnÈs Reversible Xl,5.0,19.0,ARNÉS REVERSIBLE,14.0
BH-BLU-5,Body Blue XL,3.0,13.0,ARNÉS BODY,10.0
CO-RED-4,RED COAT L,6.0,25.0,ABRIGO,19.0
AR-DGT-3,ARNÉS REVERSIBLE DOGTELLA M,4.0,14.0,ARNÉS REVERSIBLE,10.0
CL-BLU-1,Collar Blue XS,1.0,10.0,COLLAR PERRO,9.0
CR-MON-2,Correa Monstera S,2.0,14.0,CORREA,12.0
CO-BLU-4,BLUE COAT L,6.0,25.0,ABRIGO,19.0
CL-MNT-2,Collar Mint S,2.0,10.0,COLLAR PERRO,8.0
CRV-BLK-2,LEASH PVC BLACK PVC S,4.0,18.0,PVC CORREA,14.0
AR-SML-5,Arnés Ajustable Smiley XL,5.0,15.0,ARNÉS AJUSTABLE,10.0
CR-PNK-2,Correa Pink S,2.0,13.0,CORREA,11.0
AR-SML-4,Arnés Ajustable Smiley L,4.0,16.0,ARNÉS AJUSTABLE,12.0
AC-BEE-3,Dukier Beer Arnés Clásico M,2.0,13.0,ARNÉS CLÁSICO,11.0
FD-MNT-4,FUNDA CAMA MINT L,,,CAMA FUNDA,
CG-STC-0,Collar GATO STICKERS U,1.0,5.0,GATO,4.0
AC-PKG-2,ARNÉS CLÁSICO PINK GALAXY S,2.0,15.0,ARNÉS CLÁSICO,13.0
BH-RED-4,Body Red L,3.0,12.0,ARNÉS BODY,9.0
CO-PNK-1,PINK COAT,6.0,22.0,ABRIGO,16.0
AR-TRT-4,ARNÉS REVERSIBLE TURTLE L,4.0,16.0,ARNÉS REVERSIBLE,12.0
CG-GMM-0,Dukier Bears Gummy Collar Gato U,1.0,5.0,GATO,4.0
CL-PKG-4,Collar Pink GALAXY L,2.0,14.0,COLLAR PERRO,12.0
CG-TRT-0,Collar GATO TURTLE U,1.0,6.0,GATO,5.0
RC-RND-1,Dukier Chubasqueros Raindrops Xs,5.0,13.0,CHUBASQUERO,8.0
CG-SML-0,Collar GATO SMILEY,1.0,5.0,GATO,4.0
CL-TRT-1,Collar TURTLE XS,1.0,10.0,COLLAR PERRO,9.0
PJ-AVC-4,PAJARITA AVOCADO L,1.0,4.0,PAJARITA,3.0
BH-BLU-4,Body Blue L,3.0,13.0,ARNÉS BODY,10.0
PB-MNT-2,Porta Bolsas Mint U,2.0,6.0,PORTA BOLSAS,4.0
CG-CLF-0,Collar GATO CALIFORNIA U,1.0,5.0,GATO,4.0
CL-PKG-2,Collar Pink GALAXY S,2.0,9.0,COLLAR PERRO,7.0
CL-PCE-1,Dukier Peace Collar Xs,1.0,10.0,COLLAR PERRO,9.0
AC-PCE-2,Dukier Peace Arnés Clásico S,2.0,13.0,ARNÉS CLÁSICO,11.0
CL-TAT-3,Collar TATTOO M,2.0,11.0,COLLAR PERRO,9.0
AR-UNC-3,ARNÉS REVERSIBLE UNICORNS M,4.0,15.0,ARNÉS REVERSIBLE,11.0
AC-MNT-4,Arnés Clásico Mint L,3.0,12.0,ARNÉS CLÁSICO,9.0
CR-ALN-4,CORREA ALIEN L,3.0,17.0,CORREA,14.0
CR-BEE-4,Dukier Beer Correa L,3.0,15.0,CORREA,12.0
RC-RPW-6,CHUBASQUEROS FLOWER POWER XXL,5.0,21.0,CHUBASQUERO,16.0
AC-MNT-3,Arnés Clásico Mint M,2.0,12.0,ARNÉS CLÁSICO,10.0
AR-MON-1,Arnés Reversible Monstera XS,3.0,14.0,ARNÉS REVERSIBLE,11.0
BH-DGT-4,Body Dogtella L,3.0,12.0,ARNÉS BODY,9.0
CO-RED-3,RED COAT M,6.0,24.0,ABRIGO,18.0
CL-BEI-4,COLLAR BEIGE L,1.0,6.0,COLLAR PERRO,5.0
CO-GRN-1,GREEN COAT,6.0,22.0,ABRIGO,16.0
RC-AVC-2,Dukier Chubasqueros Avocado S,5.0,10.0,CHUBASQUERO,5.0
CL-TAT-4,Collar TATTOO L,2.0,11.0,COLLAR PERRO,9.0
AC-PCE-3,Dukier Peace Arnés Clásico M,2.0,14.0,ARNÉS CLÁSICO,12.0
AR-STC-2,ARNÉS AJUSTABLE STICKERS S,3.0,14.0,ARNÉS AJUSTABLE,11.0
CL-BLU-3,Collar Blue M,2.0,10.0,COLLAR PERRO,8.0
CR-PCE-2,Dukier Peace Correa S,2.0,15.0,CORREA,13.0
CL-LPG-2,Collar Cheetah Gold S,2.0,9.0,COLLAR PERRO,7.0
PB-ALN-2,PORTA BOLSAS ALIEN U,2.0,7.0,PORTA BOLSAS,5.0
AR-PKG-2,ARNÉS REVERSIBLE PINK GALAXY S,3.0,15.0,ARNÉS REVERSIBLE,12.0
PJ-SWT-4,PAJARITA SWEETS L,1.0,5.0,PAJARITA,4.0
AC-MON-2,Arnés Clásico Monstera S,2.0,16.0,ARNÉS CLÁSICO,14.0
CG-MON-0,Collar Gato Monstera U,1.0,6.0,GATO,5.0
AC-PKG-4,ARNÉS CLÁSICO PINK GALAXY L,3.0,10.0,ARNÉS CLÁSICO,7.0
CLV-BEI-1,COLLAR PVC BEIGE PVC XS,2.0,14.0,PVC COLLAR PERRO,12.0
PJ-GMM-4,Dukier Bears Gummy Pajarita L,1.0,6.0,PAJARITA,5.0
PJ-PCE-4,Dukier Peace Pajarita L,1.0,5.0,PAJARITA,4.0
PB-UNC-2,PORTA BOLSAS UNICORNS U,2.0,4.0,PORTA BOLSAS,2.0
PB-SBL-2,POO BAG HOLDER SOFT BLUE U,2.0,8.0,PORTA BOLSAS,6.0
AC-PCE-4,Dukier Peace Arnés Clásico L,3.0,13.0,ARNÉS CLÁSICO,10.0
CR-BEI-2,LEASH BEIGE S,2.0,9.0,CORREA,7.0
CO-GRN-5,GREEN COAT XL,6.0,25.0,ABRIGO,19.0
CG-LPG-0,Collar Gato Cheetah Gold U,1.0,5.0,GATO,4.0
AR-SWT-3,ARNÉS REVERSIBLE SWEETS M,4.0,15.0,ARNÉS REVERSIBLE,11.0
CL-GMM-1,Dukier Bears Gummy Collar Xs,1.0,12.0,COLLAR PERRO,11.0
CO-PRP-2,PURPLE COAT S,6.0,23.0,ABRIGO,17.0
CL-MNT-4,Collar Mint L,2.0,9.0,COLLAR PERRO,7.0
CL-MON-4,Collar Monstera L,2.0,13.0,COLLAR PERRO,11.0
AR-MON-2,Arnés Reversible Monstera S,3.0,19.0,ARNÉS REVERSIBLE,16.0
PC-BEE-U,COLGADOR GUMMY BEARS U,1.0,5.0,COLGADOR DE BOLSAS,4.0
CG-MMD-0,Dukier Mermaid Collar Gato U,1.0,5.0,GATO,4.0
CO-BLU-3,BLUE COAT M,6.0,24.0,ABRIGO,18.0
CL-CLF-2,Collar CALIFORNIA S,2.0,9.0,COLLAR PERRO,7.0
PJ-DGT-4,PAJARITA DOGTELLA L,1.0,5.0,PAJARITA,4.0
CL-SWT-4,Collar SWEETS L,2.0,13.0,COLLAR PERRO,11.0
RC-CLD-1,Dukier Chubasqueros Clouds Xs,5.0,12.0,CHUBASQUERO,7.0
CL-TAT-1,Collar TATTOO XS,1.0,10.0,COLLAR PERRO,9.0
CO-GRN-3,GREEN COAT M,6.0,24.0,ABRIGO,18.0
PB-TER-2,POO BAG HOLDER TERRACOTA U,2.0,8.0,PORTA BOLSAS,6.0
CT-GMM-0,COLETERO GUMMY BEARS U,1.0,6.0,COLETERO,5.0
BH-PRP-1,Body Purple XS,2.0,11.0,ARNÉS BODY,9.0
CL-SBL-4,COLLAR SOFT BLUE L,1.0,6.0,COLLAR PERRO,5.0
AC-MMD-3,Dukier Mermaid Arnés Clásico M,2.0,14.0,ARNÉS CLÁSICO,12.0
PJ-STC-4,PAJARITA STICKERS L,1.0,5.0,PAJARITA,4.0
AC-UNC-3,ARNÉS CLÁSICO UNICORNS M,2.0,14.0,ARNÉS CLÁSICO,12.0
CO-PNK-4,PINK COAT L,6.0,25.0,ABRIGO,19.0
CO-GRN-4,GREEN COAT L,6.0,25.0,ABRIGO,19.0
CR-SWT-2,CORREA SWEETS S,2.0,14.0,CORREA,12.0
AC-FPW-3,ARNÉS CLÁSICO FLOWER POWER M,2.0,14.0,ARNÉS CLÁSICO,12.0
CL-BLU-4,Collar Blue L,2.0,9.0,COLLAR PERRO,7.0
AC-ALN-4,ARNÉS CLÁSICO ALIEN L,3.0,15.0,ARNÉS CLÁSICO,12.0
CO-PRP-5,PURPLE COAT XL,6.0,25.0,ABRIGO,19.0
AR-BEE-1,Dukier Beer Arnés Ajustable Xs,3.0,17.0,ARNÉS AJUSTABLE,14.0
CR-CLF-2,CORREA CALIFORNIA S,2.0,12.0,CORREA,10.0
AC-ALN-3,ARNÉS CLÁSICO ALIEN M,2.0,15.0,ARNÉS CLÁSICO,13.0
AC-SGR-2,CLASSIC HARNESS SOFT GREEN S,2.0,9.0,ARNÉS CLÁSICO,7.0
CG-PCE-0,Dukier Peace Collar Gato U,1.0,5.0,GATO,4.0
CR-UNC-4,CORREA UNICORNS L,3.0,14.0,CORREA,11.0
BK-SML-U,BLANKET SMILEY,8.0,21.0,BLANKET,13.0
BH-BRY-1,BODY HARNESS BERRY LOVE XS,2.0,6.0,ARNÉS BODY,4.0
CG-BNN-0,Collar GATO BANANA U,1.0,5.0,GATO,4.0
BH-AVC-2,Body Avocado S,2.0,12.0,ARNÉS BODY,10.0
BH-DGT-2,Body Dogtella S,2.0,11.0,ARNÉS BODY,9.0
AC-SGR-3,CLASSIC HARNESS SOFT GREEN M,2.0,9.0,ARNÉS CLÁSICO,7.0
CO-PNK-3,PINK COAT M,6.0,24.0,ABRIGO,18.0
PB-YLL-2,Porta Bolsas Lime U,2.0,7.0,PORTA BOLSAS,5.0
CR-SBL-2,LEASH SOFT BLUE S,2.0,9.0,CORREA,7.0
AR-PKG-5,ARNÉS REVERSIBLE PINK GALAXY XL,5.0,18.0,ARNÉS REVERSIBLE,13.0
CG-MEX-0,Collar GATO MEXICO U,1.0,4.0,GATO,3.0
CO-PRP-7,PURPLE COAT,7.0,27.0,ABRIGO,20.0
RC-AVC-6,Dukier Chubasqueros AVOCADO XXL,5.0,10.0,CHUBASQUERO,5.0
AC-FPW-2,ARNÉS CLÁSICO FLOWER POWER S,2.0,14.0,ARNÉS CLÁSICO,12.0
AR-SWT-1,ARNÉS REVERSIBLE SWEETS XS,3.0,15.0,ARNÉS REVERSIBLE,12.0
AR-DGT-5,ARNÉS REVERSIBLE DOGTELLA XL,5.0,17.0,ARNÉS REVERSIBLE,12.0
CR-TER-2,LEASH TERRACOTA S,2.0,9.0,CORREA,7.0
CR-TER-4,LEASH TERRACOTA L,2.0,9.0,CORREA,7.0
CT-SWT-0,COLETERO SWEETS U,1.0,6.0,COLETERO,5.0
CR-VIO-4,LEASH SOFT PURPLE L,2.0,9.0,CORREA,7.0
AT-ALN-4,ARNÉS TRAIL ALIEN L,7.0,26.0,ARNÉS TRAIL,19.0
CR-RED-2,Correa Red S,2.0,13.0,CORREA,11.0
AC-ALN-2,ARNÉS CLÁSICO ALIEN S,2.0,15.0,ARNÉS CLÁSICO,13.0
AC-SGR-4,CLASSIC HARNESS SOFT GREEN L,2.0,9.0,ARNÉS CLÁSICO,7.0
TW-SML-0,Dukier Toallas Smiley U,4.0,13.0,TOALLA,9.0
CR-UNC-2,CORREA UNICORNS S,2.0,11.0,CORREA,9.0
CG-PRC-0,Collar GATO PRINCESS U,1.0,4.0,GATO,3.0
CR-SBL-4,LEASH SOFT BLUE L,2.0,9.0,CORREA,7.0
AC-VIO-2,CLASSIC HARNESS SOFT PURPLE S,2.0,9.0,ARNÉS CLÁSICO,7.0
AC-VIO-3,CLASSIC HARNESS SOFT PURPLE M,2.0,9.0,ARNÉS CLÁSICO,7.0
AC-SBL-3,CLASSIC HARNESS SOFT BLUE M,2.0,9.0,ARNÉS CLÁSICO,7.0
CLV-BEI-2,COLLAR PVC BEIGE PVC S,2.0,15.0,PVC COLLAR PERRO,13.0
CLV-GRN-2,COLLAR PVC GREEN PVC S,2.0,14.0,PVC COLLAR PERRO,12.0
CL-CLF-4,Collar CALIFORNIA L,2.0,9.0,COLLAR PERRO,7.0
CG-TDY-0,Collar GATO TIE DYE U,1.0,4.0,GATO,3.0
CL-FPW-2,Collar FLOWER POWER S,2.0,12.0,COLLAR PERRO,10.0
BH-FPW-1,BODY HARNESS FLOWER POWER XS,2.0,6.0,ARNÉS BODY,4.0
BH-TRT-1,BODY HARNESS TURTLE XS,2.0,6.0,ARNÉS BODY,4.0
BH-GMM-1,BODY HARNESS GUMMY BEARS XS,2.0,6.0,ARNÉS BODY,4.0
BH-TER-2,BODY HARNESS TERRACOTA S,2.0,6.0,ARNÉS BODY,4.0
BH-SGR-0,BODY HARNESS SOFT GREEN XXS,2.0,6.0,ARNÉS BODY,4.0
CL-SGR-2,COLLAR SOFT GREEN S,1.0,6.0,COLLAR PERRO,5.0
CL-VIO-2,COLLAR SOFT PURPLE S,1.0,6.0,COLLAR PERRO,5.0
CL-TER-2,COLLAR TERRACOTA S,1.0,6.0,COLLAR PERRO,5.0
CL-SBL-2,COLLAR SOFT BLUE S,1.0,6.0,COLLAR PERRO,5.0
CT-FPW-0,COLETERO FLOWER POWER U,1.0,5.0,COLETERO,4.0
CT-TRT-0,COLETERO TURTLE U,1.0,5.0,COLETERO,4.0
CT-AVC-0,COLETERO AVOCADO U,1.0,5.0,COLETERO,4.0
CT-CLF-0,COLETERO CALIFORNIA U,1.0,5.0,COLETERO,4.0
CG-BRY-0,Dukier Berry Love Collar Gato U,1.0,6.0,GATO,5.0
CG-FPW-0,Collar GATO FLOWER POWER U,1.0,6.0,GATO,5.0
CG-PRP-0,Collar Gato Purple U,1.0,5.0,GATO,4.0
CG-RED-0,Collar Gato Red U,1.0,5.0,GATO,4.0
CG-ALN-0,COLLAR GATO ALIEN U,1.0,6.0,GATO,5.0
PJ-PKG-4,PAJARITA PINK GALAXY L,1.0,5.0,PAJARITA,4.0
PJ-TRT-4,PAJARITA TURTLE L,1.0,3.0,PAJARITA,2.0
KS-BLU-1,KNIT SWEATER BLUE XS,,,KNIT SWEATER,
KS-BLU-2,KNIT SWEATER BLUE S,,,KNIT SWEATER,
KS-BLU-3,KNIT SWEATER BLUE M,,,KNIT SWEATER,
KS-BLU-4,KNIT SWEATER BLUE L,,,KNIT SWEATER,
KS-BLU-5,KNIT SWEATER BLUE XL,,,KNIT SWEATER,
KS-BLU-6,KNIT SWEATER BLUE XXL,,,KNIT SWEATER,
KS-GRN-1,KNIT SWEATER GREEN XS,,,KNIT SWEATER,
KS-GRN-2,KNIT SWEATER GREEN S,,,KNIT SWEATER,
KS-GRN-3,KNIT SWEATER GREEN M,,,KNIT SWEATER,
KS-GRN-4,KNIT SWEATER GREEN L,,,KNIT SWEATER,
KS-GRN-5,KNIT SWEATER GREEN XL,,,KNIT SWEATER,
KS-GRN-6,KNIT SWEATER GREEN XXL,,,KNIT SWEATER,
KS-RED-1,KNIT SWEATER RED XS,,,KNIT SWEATER,
KS-RED-2,KNIT SWEATER RED S,,,KNIT SWEATER,
KS-RED-3,KNIT SWEATER RED M,,,KNIT SWEATER,
KS-RED-4,KNIT SWEATER RED L,,,KNIT SWEATER,
KS-RED-5,KNIT SWEATER RED XL,,,KNIT SWEATER,
KS-RED-6,KNIT SWEATER RED XXL,,,KNIT SWEATER,
KS-YEL-1,KNIT SWEATER YELLOW XS,,,KNIT SWEATER,
KS-YEL-2,KNIT SWEATER YELLOW S,,,KNIT SWEATER,
KS-YEL-3,KNIT SWEATER YELLOW M,,,KNIT SWEATER,
KS-YEL-4,KNIT SWEATER YELLOW L,,,KNIT SWEATER,
KS-YEL-5,KNIT SWEATER YELLOW XL,,,KNIT SWEATER,
KS-YEL-6,KNIT SWEATER YELLOW XXL,,,KNIT SWEATER,
KS-MNT-1,KNIT SWEATER MINT XS,,,KNIT SWEATER,
KS-MNT-2,KNIT SWEATER MINT S,,,KNIT SWEATER,
KS-MNT-3,KNIT SWEATER MINT M,,,KNIT SWEATER,
KS-MNT-4,KNIT SWEATER MINT L,,,KNIT SWEATER,
KS-MNT-5,KNIT SWEATER MINT XL,,,KNIT SWEATER,
KS-PNK-1,KNIT SWEATER PINK XS,,,KNIT SWEATER,
KS-PNK-2,KNIT SWEATER PINK S,,,KNIT SWEATER,
KS-PNK-3,KNIT SWEATER PINK M,,,KNIT SWEATER,
KS-PNK-4,KNIT SWEATER PINK L,,,KNIT SWEATER,
KS-PNK-5,KNIT SWEATER PINK XL,,,KNIT SWEATER,
KS-PRP-1,KNIT SWEATER PURPLE XS,,,KNIT SWEATER,
KS-PRP-2,KNIT SWEATER PURPLE S,,,KNIT SWEATER,
KS-PRP-3,KNIT SWEATER PURPLE M,,,KNIT SWEATER,
KS-PRP-4,KNIT SWEATER PURPLE L,,,KNIT SWEATER,
KS-PRP-5,KNIT SWEATER PURPLE XL,,,KNIT SWEATER,
AR-CLF-3,ARNÉS REVERSIBLE CALIFORNIA M,4.0,14.0,ARNÉS REVERSIBLE,10.0
CRV-PRP-2,0,4.0,15.0,PVC CORREA,11.0
CLV-COR-1,0,2.0,8.0,PVC COLLAR PERRO,6.0
CLV-COR-2,0,2.0,8.0,PVC COLLAR PERRO,6.0
CLV-COR-3,0,3.0,11.0,PVC COLLAR PERRO,8.0
CRV-COR-2,0,4.0,15.0,PVC CORREA,11.0
CRV-COR-4,0,4.0,17.0,PVC CORREA,13.0
CLV-PRP-1,0,2.0,8.0,PVC COLLAR PERRO,6.0
CLV-PRP-2,0,2.0,8.0,PVC COLLAR PERRO,6.0
CLV-PRP-3,0,3.0,11.0,PVC COLLAR PERRO,8.0
CRV-PRP-4,0,4.0,17.0,PVC CORREA,13.0
CLV-SGR-1,0,2.0,8.0,PVC COLLAR PERRO,6.0
CLV-SGR-2,0,2.0,8.0,PVC COLLAR PERRO,6.0
CLV-SGR-3,0,3.0,11.0,PVC COLLAR PERRO,8.0
CRV-SGR-2,0,4.0,15.0,PVC CORREA,11.0
CRV-SGR-4,0,4.0,17.0,PVC CORREA,13.0
CLV-YEL-1,0,2.0,8.0,PVC COLLAR PERRO,6.0
CLV-YEL-2,0,2.0,8.0,PVC COLLAR PERRO,6.0
CLV-YEL-3,0,3.0,11.0,PVC COLLAR PERRO,8.0
CRV-YEL-2,0,4.0,15.0,PVC CORREA,11.0
CRV-YEL-4,0,4.0,17.0,PVC CORREA,13.0
CLV-BLK-1,COLLAR PVC BLACK PVC XS,2.0,13.0,PVC COLLAR PERRO,11.0
AR-CLF-1,ARNÉS REVERSIBLE CALIFORNIA XS,3.0,13.0,ARNÉS REVERSIBLE,10.0
CL-CLF-3,Collar CALIFORNIA M,2.0,9.0,COLLAR PERRO,7.0
CL-DGT-2,Collar DOGTELLA S,2.0,9.0,COLLAR PERRO,7.0
CL-DGT-3,Collar DOGTELLA M,2.0,9.0,COLLAR PERRO,7.0
CL-RED-1,Collar Red XS,1.0,9.0,COLLAR PERRO,8.0
CG-PNK-0,Collar Gato Pink U,1.0,5.0,GATO,4.0
AR-DGT-4,ARNÉS REVERSIBLE DOGTELLA L,4.0,15.0,ARNÉS REVERSIBLE,11.0
CR-PLN-4,CORREA PLANTS L,3.0,17.0,CORREA,14.0
CR-TDY-4,CORREA TIE DYE L,3.0,18.0,CORREA,15.0
CL-STC-2,Collar STICKERS S,2.0,14.0,COLLAR PERRO,12.0
CL-LPG-1,Collar Cheetah Gold XS,1.0,11.0,COLLAR PERRO,10.0
CL-PKG-1,Collar Pink GALAXY XS,1.0,9.0,COLLAR PERRO,8.0
CO-PNK-7,PINK COAT,7.0,27.0,ABRIGO,20.0
CO-RED-7,RED COAT,7.0,27.0,ABRIGO,20.0
CL-STC-1,Collar STICKERS XS,1.0,14.0,COLLAR PERRO,13.0
CL-UNC-1,Collar UNICORNS XS,1.0,10.0,COLLAR PERRO,9.0
PJ-CLF-4,PAJARITA CALIFORNIA L,1.0,5.0,PAJARITA,4.0
PJ-UNC-4,PAJARITA UNICORNS L,1.0,5.0,PAJARITA,4.0
CL-BEI-1,COLLAR BEIGE XS,1.0,6.0,COLLAR PERRO,5.0
PJ-ALN-4,PAJARITA ALIEN U,1.0,6.0,PAJARITA,5.0
CO-PNK-6,PINK COAT,7.0,26.0,ABRIGO,19.0
CO-BLU-5,BLUE COAT XL,6.0,25.0,ABRIGO,19.0
CO-PNK-5,PINK COAT XL,6.0,25.0,ABRIGO,19.0
CO-BLU-1,BLUE COAT XS,6.0,22.0,ABRIGO,16.0
CT-UNC-0,COLETERO UNICORNS U,1.0,5.0,COLETERO,4.0
RC-UNC-2,CHUBASQUEROS UNICORNS S,5.0,9.0,CHUBASQUERO,4.0
RC-UNC-4,CHUBASQUEROS UNICORNS L,5.0,9.0,CHUBASQUERO,4.0
RC-UNC-6,CHUBASQUEROS UNICORNS XXL,5.0,9.0,CHUBASQUERO,4.0
RC-UNC-3,CHUBASQUEROS UNICORNS M,5.0,9.0,CHUBASQUERO,4.0
RC-UNC-5,CHUBASQUEROS UNICORNS XL,5.0,9.0,CHUBASQUERO,4.0
CO-PRP-6,PURPLE COAT,7.0,26.0,ABRIGO,19.0
